{"cameraMode":{"drawMode":0,"name":"Shaded","section":"Shading Mode"},"sceneLighting":false,"audioPlay":false,"sceneViewState":{"m_AlwaysRefresh":false,"showFog":true,"showSkybox":false,"showFlares":true,"showImageEffects":true,"showParticleSystems":true,"showVisualEffectGraphs":true,"m_FxEnabled":true},"in2DMode":false,"pivot":{"x":-0.48662590980529787,"y":5.647249698638916,"z":20.811412811279298},"rotation":{"x":-0.29924699664115908,"y":0.44600364565849306,"z":-0.16119419038295747,"w":-0.8279846906661987},"size":32.117801666259769,"orthographic":false}